Order_ID,Customer_ID,Warehouse_ID,Order_Date,Dispatch_Date,Delivery_Date,Origin_City,Destination_City,Distance_km,Transport_Mode,Shipment_Weight_kg,Shipping_Cost,Delivery_Status,Delay_Reason,Customer_Rating,Delivery_Time_Days,Is_Delayed
100001,4507,WH_A,2024-03-11,2024-03-11,2024-06-18,Bangalore,Ahmedabad,1480,Rail,248,32016,Delayed,Weather,3,99,1
100006,4772,WH_D,2024-02-05,2024-04-11,2024-06-21,Mumbai,Jaipur,1812,Road,115,39087,On Time,Traffic,4,71,0
100017,3919,WH_B,2024-01-01,2024-06-16,2024-07-01,Delhi,Jaipur,616,Sea,465,40897,Early,None,3,15,0
100019,1130,WH_C,2024-02-04,2024-05-29,2024-06-16,Bangalore,Pune,1043,Sea,71,25747,Early,Traffic,3,18,0
100021,4380,WH_B,2024-01-23,2024-01-30,2024-07-18,Chennai,Pune,1678,Sea,492,49762,Delayed,Weather,5,170,1
100026,3853,WH_B,2024-01-04,2024-06-29,2024-07-18,Mumbai,Coimbatore,1262,Air,175,15872,Early,None,1,19,0
100028,2215,WH_B,2024-04-11,2024-06-21,2024-06-25,Bangalore,Kolkata,1396,Road,343,1972,Delayed,Traffic,1,4,1
100031,2184,WH_D,2024-03-12,2024-05-15,2024-05-23,Mumbai,Ahmedabad,1859,Sea,398,31302,Delayed,Mechanical Issue,4,8,1
100032,1459,WH_A,2024-01-03,2024-06-20,2024-07-02,Mumbai,Kolkata,1254,Sea,224,5372,Delayed,Weather,4,12,1
100033,4385,WH_D,2024-05-21,2024-06-15,2024-07-19,Bangalore,Kolkata,1008,Road,499,28047,On Time,Mechanical Issue,2,34,0
100041,3558,WH_A,2024-01-16,2024-05-03,2024-05-23,Mumbai,Coimbatore,311,Rail,314,40084,Delayed,Mechanical Issue,1,20,1
100042,4753,WH_C,2024-03-06,2024-04-23,2024-06-14,Hyderabad,Ahmedabad,1596,Sea,309,30941,On Time,Traffic,5,52,0
100046,1975,WH_B,2024-06-10,2024-06-21,2024-07-11,Chennai,Jaipur,774,Road,57,10135,On Time,Traffic,5,20,0
100049,4005,WH_D,2024-04-11,2024-06-19,2024-07-07,Bangalore,Jaipur,70,Air,272,35669,Early,Traffic,2,18,0
100051,4005,WH_D,2024-01-13,2024-03-26,2024-04-27,Hyderabad,Jaipur,309,Rail,495,44631,On Time,None,2,32,0
100054,4638,WH_B,2024-02-03,2024-04-05,2024-05-27,Delhi,Kolkata,1189,Air,80,43246,Early,Weather,3,52,0
100067,1600,WH_C,2024-01-13,2024-03-15,2024-04-10,Hyderabad,Ahmedabad,1330,Air,18,49484,Delayed,Warehouse Delay,5,26,1
100068,3363,WH_C,2024-01-21,2024-02-09,2024-07-11,Delhi,Pune,1241,Road,478,3060,Early,Mechanical Issue,1,153,0
100071,3041,WH_D,2024-01-19,2024-06-06,2024-06-27,Bangalore,Ahmedabad,1671,Sea,471,24590,Early,Warehouse Delay,1,21,0
100074,3612,WH_C,2024-01-31,2024-05-11,2024-05-28,Chennai,Kolkata,1048,Road,340,3281,Early,Weather,4,17,0
100075,3945,WH_B,2024-03-21,2024-03-24,2024-05-21,Bangalore,Ahmedabad,353,Rail,19,17830,On Time,None,2,58,0
100077,3139,WH_D,2024-02-01,2024-04-02,2024-06-09,Delhi,Kolkata,465,Air,116,35456,Early,Warehouse Delay,1,68,0
100079,4003,WH_D,2024-01-10,2024-02-05,2024-04-12,Hyderabad,Kolkata,245,Air,74,16115,Delayed,Warehouse Delay,2,67,1
100085,3253,WH_C,2024-01-14,2024-04-03,2024-04-19,Chennai,Ahmedabad,1938,Road,181,16814,Delayed,Mechanical Issue,5,16,1
100091,4073,WH_A,2024-03-19,2024-03-25,2024-06-16,Delhi,Ahmedabad,1383,Sea,222,11820,Early,Warehouse Delay,4,83,0
100095,2129,WH_D,2024-02-28,2024-03-26,2024-04-26,Hyderabad,Jaipur,1139,Air,461,24901,Early,Traffic,2,31,0
100096,4843,WH_C,2024-01-08,2024-02-15,2024-03-17,Delhi,Kolkata,1466,Air,152,12280,Delayed,Mechanical Issue,5,31,1
100097,4893,WH_D,2024-01-12,2024-05-16,2024-06-06,Delhi,Jaipur,1438,Rail,182,11194,Early,Warehouse Delay,5,21,0
100100,3449,WH_B,2024-02-03,2024-03-18,2024-05-17,Mumbai,Ahmedabad,412,Air,347,47660,On Time,Traffic,5,60,0
100104,1201,WH_D,2024-03-15,2024-03-18,2024-07-03,Mumbai,Pune,1401,Air,383,30117,Early,Warehouse Delay,4,107,0
100108,4934,WH_C,2024-04-02,2024-04-12,2024-05-18,Hyderabad,Coimbatore,980,Rail,451,44679,Early,Weather,2,36,0
100110,4342,WH_B,2024-01-18,2024-01-23,2024-07-11,Hyderabad,Kolkata,323,Rail,334,22918,On Time,None,4,170,0
100113,4798,WH_A,2024-03-27,2024-06-21,2024-07-01,Chennai,Pune,557,Sea,417,36395,Early,Traffic,5,10,0
100116,4773,WH_C,2024-01-08,2024-04-20,2024-07-04,Chennai,Kolkata,1398,Rail,8,44471,Early,Weather,5,75,0
100122,1878,WH_B,2024-03-04,2024-04-22,2024-05-19,Mumbai,Kolkata,353,Rail,55,20225,On Time,None,1,27,0
100128,3235,WH_D,2024-04-16,2024-06-20,2024-07-08,Delhi,Jaipur,1590,Sea,88,29017,Delayed,Mechanical Issue,5,18,1
100142,3695,WH_D,2024-02-25,2024-02-26,2024-05-30,Bangalore,Ahmedabad,1677,Road,342,12492,Early,Mechanical Issue,2,94,0
100159,3182,WH_A,2024-01-11,2024-05-28,2024-06-07,Chennai,Ahmedabad,1087,Air,201,34807,Early,Warehouse Delay,5,10,0
100162,1779,WH_A,2024-01-25,2024-04-21,2024-06-06,Mumbai,Pune,876,Road,112,3744,Early,Mechanical Issue,5,46,0
100164,4104,WH_D,2024-01-21,2024-03-07,2024-06-22,Mumbai,Kolkata,914,Road,36,25590,On Time,Warehouse Delay,4,107,0
100168,4645,WH_C,2024-02-11,2024-03-04,2024-04-26,Hyderabad,Ahmedabad,1596,Rail,115,8355,Delayed,Traffic,5,53,1
100173,2895,WH_B,2024-01-28,2024-02-05,2024-03-30,Chennai,Jaipur,194,Sea,124,13021,Early,Warehouse Delay,1,54,0
100174,3773,WH_C,2024-02-10,2024-02-23,2024-05-01,Bangalore,Kolkata,1805,Rail,437,35110,On Time,None,5,68,0
100187,1870,WH_B,2024-03-13,2024-04-02,2024-06-06,Delhi,Pune,334,Rail,493,8957,Early,Mechanical Issue,3,65,0
100189,1392,WH_A,2024-02-23,2024-05-27,2024-07-19,Hyderabad,Jaipur,421,Rail,179,3723,Delayed,Warehouse Delay,5,53,1
100191,2038,WH_B,2024-04-18,2024-05-03,2024-06-12,Bangalore,Jaipur,428,Road,443,21955,Delayed,Traffic,1,40,1
100198,1863,WH_B,2024-02-05,2024-04-08,2024-05-04,Chennai,Ahmedabad,741,Air,439,27299,On Time,Mechanical Issue,4,26,0
100201,1563,WH_A,2024-01-28,2024-03-21,2024-04-17,Hyderabad,Jaipur,883,Air,133,7595,Delayed,None,5,27,1
100205,2757,WH_C,2024-01-28,2024-03-28,2024-05-13,Mumbai,Jaipur,262,Rail,176,34326,Early,Traffic,4,46,0
100206,3532,WH_A,2024-02-23,2024-02-24,2024-04-11,Chennai,Ahmedabad,1744,Sea,489,35225,Delayed,Mechanical Issue,3,47,1
100209,3796,WH_A,2024-01-21,2024-01-29,2024-04-09,Hyderabad,Jaipur,1185,Rail,201,38326,Delayed,Warehouse Delay,3,71,1
100214,3572,WH_A,2024-02-23,2024-03-26,2024-06-25,Mumbai,Pune,161,Road,214,24797,On Time,Mechanical Issue,2,91,0
100216,4910,WH_C,2024-02-22,2024-03-26,2024-07-05,Delhi,Jaipur,232,Sea,307,28003,On Time,Weather,2,101,0
100220,2819,WH_C,2024-03-14,2024-05-31,2024-06-18,Delhi,Ahmedabad,864,Air,327,16398,On Time,Weather,2,18,0
100222,3729,WH_B,2024-01-13,2024-03-05,2024-06-17,Bangalore,Pune,504,Air,199,48682,Early,Traffic,2,104,0
100227,1795,WH_D,2024-03-21,2024-04-06,2024-04-19,Delhi,Pune,107,Road,108,11371,Delayed,Traffic,4,13,1
100236,2529,WH_A,2024-01-17,2024-04-01,2024-05-29,Mumbai,Coimbatore,1935,Rail,332,42854,On Time,None,5,58,0
100237,3038,WH_A,2024-01-12,2024-02-15,2024-03-25,Bangalore,Coimbatore,1739,Sea,209,39070,Early,Warehouse Delay,1,39,0
100239,2496,WH_B,2024-01-24,2024-03-29,2024-05-20,Delhi,Pune,568,Road,62,16763,On Time,Weather,5,52,0
100244,2400,WH_A,2024-03-30,2024-06-19,2024-07-09,Chennai,Pune,1470,Sea,122,20239,Delayed,Mechanical Issue,5,20,1
100245,2306,WH_C,2024-03-05,2024-05-15,2024-07-19,Chennai,Coimbatore,1738,Air,331,27425,On Time,Mechanical Issue,4,65,0
100249,2768,WH_A,2024-01-16,2024-04-01,2024-05-28,Chennai,Kolkata,1489,Road,89,48231,Early,Weather,4,57,0
100253,2479,WH_D,2024-01-27,2024-04-19,2024-04-26,Mumbai,Pune,1920,Rail,336,11857,On Time,Warehouse Delay,2,7,0
100270,4763,WH_A,2024-05-14,2024-06-18,2024-07-11,Bangalore,Ahmedabad,1361,Air,243,42085,On Time,Warehouse Delay,2,23,0
100272,2853,WH_C,2024-02-20,2024-02-28,2024-05-28,Delhi,Ahmedabad,427,Road,135,8009,Delayed,Mechanical Issue,2,90,1
100275,1563,WH_A,2024-01-08,2024-03-16,2024-06-11,Mumbai,Ahmedabad,1667,Road,494,11571,Delayed,Mechanical Issue,3,87,1
100287,3160,WH_B,2024-01-04,2024-01-20,2024-04-18,Bangalore,Ahmedabad,499,Air,307,14482,On Time,None,4,89,0
100288,1001,WH_D,2024-03-30,2024-05-26,2024-06-18,Delhi,Pune,943,Road,166,31758,Early,Traffic,5,23,0
100289,1641,WH_C,2024-04-13,2024-04-26,2024-05-04,Mumbai,Kolkata,1617,Air,12,46152,Delayed,Weather,4,8,1
100294,4296,WH_B,2024-04-05,2024-06-02,2024-07-03,Mumbai,Kolkata,1225,Road,66,11330,Delayed,Warehouse Delay,2,31,1
100298,2153,WH_C,2024-02-01,2024-03-30,2024-04-08,Chennai,Ahmedabad,1352,Air,423,32062,Early,Mechanical Issue,1,9,0
100316,3931,WH_C,2024-02-18,2024-05-14,2024-05-18,Mumbai,Kolkata,1201,Rail,484,29341,Early,Mechanical Issue,5,4,0
100320,2930,WH_A,2024-02-26,2024-04-06,2024-07-19,Delhi,Pune,997,Sea,438,839,Early,Traffic,4,104,0
100321,4582,WH_C,2024-02-16,2024-04-15,2024-07-01,Bangalore,Pune,235,Rail,357,20474,On Time,Warehouse Delay,2,77,0
100326,2147,WH_A,2024-01-05,2024-01-31,2024-07-10,Hyderabad,Jaipur,1720,Air,184,8233,On Time,None,4,161,0
100328,4397,WH_B,2024-02-21,2024-03-29,2024-06-24,Chennai,Jaipur,556,Rail,275,5549,Delayed,Traffic,3,87,1
100329,3511,WH_C,2024-04-14,2024-05-05,2024-06-02,Mumbai,Pune,570,Sea,430,43586,Delayed,Mechanical Issue,1,28,1
100333,3811,WH_C,2024-06-14,2024-06-17,2024-06-26,Hyderabad,Ahmedabad,389,Rail,405,1138,Delayed,None,4,9,1
100336,3450,WH_B,2024-03-01,2024-05-17,2024-06-13,Mumbai,Coimbatore,1575,Sea,27,1724,Delayed,Weather,2,27,1
100342,3911,WH_D,2024-03-02,2024-05-01,2024-06-15,Chennai,Jaipur,1536,Air,66,23491,Early,Mechanical Issue,5,45,0
100347,2959,WH_C,2024-01-03,2024-03-20,2024-03-21,Chennai,Jaipur,1722,Road,82,10067,Early,Traffic,3,1,0
100357,2438,WH_B,2024-01-11,2024-04-05,2024-07-08,Chennai,Pune,1336,Sea,210,30162,Delayed,Mechanical Issue,5,94,1
100358,4369,WH_A,2024-04-04,2024-04-15,2024-04-24,Chennai,Ahmedabad,1611,Rail,475,684,On Time,Warehouse Delay,5,9,0
100365,2016,WH_B,2024-02-17,2024-04-09,2024-04-26,Bangalore,Jaipur,1757,Rail,363,33234,On Time,Weather,3,17,0
100367,1880,WH_D,2024-03-30,2024-05-21,2024-05-22,Hyderabad,Ahmedabad,1368,Road,22,35620,On Time,None,5,1,0
100372,4723,WH_A,2024-01-18,2024-02-07,2024-05-17,Bangalore,Coimbatore,1381,Rail,472,6905,Delayed,Traffic,3,100,1
100374,4108,WH_D,2024-02-24,2024-03-14,2024-04-24,Bangalore,Jaipur,992,Rail,60,17374,On Time,None,4,41,0
100376,4062,WH_A,2024-04-27,2024-05-10,2024-05-20,Mumbai,Jaipur,425,Air,188,17585,On Time,Weather,4,10,0
100379,4170,WH_C,2024-01-04,2024-01-24,2024-06-03,Hyderabad,Jaipur,253,Air,162,14002,Delayed,Weather,5,131,1
100383,2154,WH_B,2024-02-28,2024-03-26,2024-07-10,Hyderabad,Jaipur,1453,Road,271,14926,On Time,Weather,5,106,0
100385,3199,WH_B,2024-04-07,2024-06-06,2024-06-14,Bangalore,Jaipur,353,Sea,143,49471,Early,Mechanical Issue,1,8,0
100399,4183,WH_A,2024-02-08,2024-04-09,2024-06-09,Delhi,Ahmedabad,1006,Air,107,42205,Early,Mechanical Issue,2,61,0
100400,3557,WH_D,2024-03-21,2024-03-23,2024-04-13,Delhi,Pune,919,Rail,297,2502,On Time,Warehouse Delay,5,21,0
100402,1098,WH_B,2024-03-28,2024-04-28,2024-07-16,Delhi,Pune,1254,Rail,313,42315,Early,Traffic,1,79,0
100411,4234,WH_C,2024-04-10,2024-04-15,2024-07-12,Delhi,Kolkata,895,Road,240,16096,On Time,Traffic,2,88,0
100417,3848,WH_A,2024-03-06,2024-04-12,2024-04-17,Mumbai,Ahmedabad,84,Road,393,46178,On Time,Traffic,1,5,0
100421,4987,WH_C,2024-01-22,2024-02-19,2024-03-19,Delhi,Pune,1065,Rail,410,31306,On Time,Warehouse Delay,1,29,0
100422,2527,WH_D,2024-04-10,2024-05-24,2024-07-03,Bangalore,Kolkata,1481,Sea,403,18368,On Time,Weather,2,40,0
100429,4104,WH_B,2024-01-10,2024-01-18,2024-05-11,Bangalore,Jaipur,1429,Rail,455,36976,Early,Warehouse Delay,3,114,0
100436,2045,WH_B,2024-04-02,2024-06-02,2024-06-05,Delhi,Ahmedabad,1867,Air,479,36276,Early,Traffic,3,3,0
100440,3277,WH_B,2024-04-26,2024-05-14,2024-06-20,Hyderabad,Pune,1676,Sea,193,24256,On Time,Weather,3,37,0
100448,4348,WH_B,2024-01-17,2024-01-27,2024-06-03,Hyderabad,Kolkata,1434,Air,367,5820,Delayed,Traffic,5,128,1
100458,1815,WH_B,2024-02-27,2024-03-31,2024-06-06,Bangalore,Jaipur,1678,Air,196,31937,On Time,Mechanical Issue,3,67,0
100464,4583,WH_A,2024-01-10,2024-03-13,2024-03-13,Mumbai,Kolkata,564,Road,424,39519,Early,Traffic,5,0,0
100471,4444,WH_A,2024-01-22,2024-04-19,2024-04-30,Hyderabad,Coimbatore,1425,Road,252,33393,Delayed,None,3,11,1
100486,2139,WH_A,2024-03-11,2024-03-16,2024-05-06,Hyderabad,Kolkata,1424,Rail,139,17754,On Time,Traffic,1,51,0
100493,4327,WH_A,2024-04-15,2024-05-07,2024-05-26,Hyderabad,Kolkata,610,Rail,398,8960,Early,None,4,19,0
100499,3613,WH_B,2024-02-10,2024-06-24,2024-07-01,Mumbai,Kolkata,1610,Sea,449,15896,On Time,None,2,7,0
100504,4863,WH_A,2024-02-15,2024-03-02,2024-06-09,Delhi,Pune,925,Rail,37,31960,On Time,Traffic,5,99,0
100506,4359,WH_D,2024-03-08,2024-04-05,2024-07-08,Delhi,Jaipur,247,Road,425,22568,Delayed,None,2,94,1
100508,2686,WH_A,2024-01-15,2024-05-04,2024-05-26,Hyderabad,Ahmedabad,1910,Road,485,23634,On Time,Weather,1,22,0
100511,1154,WH_C,2024-04-20,2024-05-31,2024-06-17,Delhi,Ahmedabad,1158,Road,142,21867,On Time,Warehouse Delay,5,17,0
100512,3537,WH_C,2024-01-24,2024-03-23,2024-06-20,Chennai,Kolkata,506,Sea,254,24636,Early,Weather,5,89,0
100513,2409,WH_D,2024-01-27,2024-02-20,2024-06-26,Delhi,Pune,1549,Rail,48,38287,On Time,None,4,127,0
100514,1784,WH_B,2024-02-09,2024-03-20,2024-05-21,Delhi,Ahmedabad,1326,Road,255,24925,On Time,Mechanical Issue,5,62,0
100516,4464,WH_A,2024-01-24,2024-03-11,2024-03-31,Mumbai,Ahmedabad,121,Sea,290,19461,Delayed,None,1,20,1
100517,4882,WH_C,2024-01-24,2024-01-28,2024-04-14,Bangalore,Pune,272,Sea,208,33943,Early,None,5,77,0
100518,1245,WH_C,2024-01-04,2024-01-16,2024-05-27,Mumbai,Kolkata,325,Road,499,19323,Delayed,Traffic,5,132,1
100520,4110,WH_D,2024-02-03,2024-02-06,2024-05-03,Mumbai,Pune,1849,Air,484,6087,Early,Traffic,4,87,0
100523,3806,WH_A,2024-01-23,2024-05-11,2024-06-13,Mumbai,Pune,622,Rail,70,38035,On Time,Mechanical Issue,5,33,0
100526,2841,WH_D,2024-04-04,2024-04-08,2024-07-17,Mumbai,Pune,503,Air,67,28323,On Time,Warehouse Delay,5,100,0
100527,1920,WH_D,2024-03-02,2024-04-06,2024-05-25,Delhi,Jaipur,1844,Sea,4,39877,Delayed,Weather,1,49,1
100533,4896,WH_D,2024-02-26,2024-03-20,2024-03-28,Bangalore,Ahmedabad,1718,Rail,63,31080,On Time,None,5,8,0
100541,3701,WH_B,2024-01-03,2024-02-08,2024-05-29,Chennai,Kolkata,824,Sea,471,23930,Delayed,None,4,111,1
100544,3518,WH_B,2024-03-26,2024-04-01,2024-05-18,Delhi,Jaipur,1393,Rail,121,18263,On Time,Traffic,1,47,0
100545,2166,WH_D,2024-02-16,2024-02-24,2024-02-29,Chennai,Pune,1304,Road,152,49460,On Time,Warehouse Delay,4,5,0
100546,2115,WH_A,2024-03-16,2024-05-10,2024-07-07,Mumbai,Jaipur,1103,Road,213,17529,Early,Traffic,5,58,0
100547,4425,WH_B,2024-02-07,2024-04-11,2024-07-02,Bangalore,Kolkata,1607,Sea,234,38680,Early,None,5,82,0
100552,1853,WH_B,2024-02-27,2024-03-25,2024-05-04,Mumbai,Pune,984,Sea,320,7584,Delayed,Mechanical Issue,5,40,1
100567,4854,WH_D,2024-02-23,2024-06-16,2024-06-22,Chennai,Jaipur,1060,Sea,188,18486,Early,Traffic,1,6,0
100569,4050,WH_C,2024-01-16,2024-05-14,2024-07-19,Mumbai,Coimbatore,1244,Sea,452,5564,Early,Warehouse Delay,4,66,0
100570,3491,WH_B,2024-02-28,2024-03-22,2024-05-03,Delhi,Ahmedabad,1586,Road,413,47056,On Time,Traffic,3,42,0
100571,3660,WH_A,2024-01-31,2024-03-10,2024-04-24,Hyderabad,Coimbatore,1479,Sea,422,22696,Delayed,Warehouse Delay,1,45,1
100575,2595,WH_B,2024-01-09,2024-02-21,2024-02-27,Chennai,Jaipur,1859,Sea,150,29397,On Time,None,5,6,0
100578,1004,WH_B,2024-01-17,2024-06-19,2024-07-09,Bangalore,Ahmedabad,1074,Road,319,30166,On Time,Warehouse Delay,4,20,0
100589,3983,WH_B,2024-02-20,2024-04-20,2024-05-19,Hyderabad,Pune,601,Road,139,25007,On Time,Mechanical Issue,1,29,0
100590,4891,WH_D,2024-02-05,2024-04-07,2024-04-10,Chennai,Pune,1520,Rail,103,5473,On Time,Warehouse Delay,3,3,0
100598,1656,WH_B,2024-05-02,2024-05-05,2024-06-27,Delhi,Pune,183,Air,270,30454,Early,Weather,5,53,0
100599,1119,WH_A,2024-01-01,2024-03-23,2024-07-11,Delhi,Ahmedabad,820,Road,490,2245,Early,Traffic,4,110,0
100611,2150,WH_B,2024-01-06,2024-03-28,2024-04-15,Bangalore,Jaipur,1327,Road,92,23970,Early,Warehouse Delay,5,18,0
100612,4464,WH_C,2024-03-24,2024-04-24,2024-07-02,Bangalore,Kolkata,1970,Road,267,37749,Early,Weather,5,69,0
100623,2141,WH_B,2024-03-21,2024-05-26,2024-07-20,Bangalore,Pune,591,Road,158,4341,Delayed,Weather,1,55,1
100626,1487,WH_B,2024-02-01,2024-04-08,2024-06-26,Bangalore,Coimbatore,243,Road,225,46677,Delayed,None,1,79,1
100631,2212,WH_A,2024-03-23,2024-04-16,2024-05-21,Mumbai,Coimbatore,88,Sea,479,23737,Early,Warehouse Delay,1,35,0
100638,4147,WH_C,2024-01-14,2024-04-24,2024-06-14,Chennai,Kolkata,604,Rail,279,7545,On Time,Weather,2,51,0
100657,3265,WH_D,2024-02-12,2024-05-08,2024-07-11,Mumbai,Coimbatore,872,Sea,397,14842,Delayed,Warehouse Delay,5,64,1
100658,3521,WH_B,2024-03-29,2024-06-24,2024-07-16,Mumbai,Coimbatore,991,Road,328,38281,Delayed,Weather,5,22,1
100663,2312,WH_D,2024-01-02,2024-03-03,2024-06-17,Delhi,Jaipur,843,Sea,163,9762,Early,Warehouse Delay,5,106,0
100665,2757,WH_B,2024-01-22,2024-01-23,2024-03-22,Mumbai,Kolkata,727,Air,413,42981,On Time,Mechanical Issue,1,59,0
100669,3569,WH_B,2024-01-07,2024-02-12,2024-07-19,Delhi,Coimbatore,468,Sea,243,34003,Delayed,Warehouse Delay,3,158,1
100673,3849,WH_B,2024-03-23,2024-04-22,2024-07-10,Bangalore,Pune,1188,Sea,456,37174,On Time,None,3,79,0
100683,2348,WH_B,2024-01-27,2024-05-27,2024-07-16,Mumbai,Kolkata,1976,Road,348,17426,Early,None,2,50,0
100688,2782,WH_C,2024-01-05,2024-05-05,2024-06-17,Chennai,Ahmedabad,1968,Rail,85,36917,On Time,Warehouse Delay,4,43,0
100698,4746,WH_D,2024-02-19,2024-05-03,2024-05-17,Chennai,Ahmedabad,1673,Air,348,16105,On Time,Mechanical Issue,4,14,0
100700,2568,WH_A,2024-01-19,2024-02-24,2024-07-14,Delhi,Ahmedabad,803,Rail,145,42740,On Time,None,3,141,0
100709,2191,WH_C,2024-01-14,2024-05-01,2024-06-07,Bangalore,Pune,1346,Rail,138,30874,On Time,Weather,1,37,0
100712,4627,WH_D,2024-02-23,2024-06-21,2024-07-14,Bangalore,Coimbatore,995,Air,405,43091,On Time,Warehouse Delay,1,23,0
100715,1011,WH_D,2024-01-24,2024-03-20,2024-07-06,Chennai,Ahmedabad,1556,Air,346,28793,On Time,Traffic,1,108,0
100726,1775,WH_B,2024-02-27,2024-05-05,2024-07-13,Mumbai,Pune,823,Air,448,21091,Delayed,Mechanical Issue,2,69,1
100727,3652,WH_D,2024-03-09,2024-03-22,2024-04-26,Delhi,Coimbatore,1892,Air,428,11851,On Time,Warehouse Delay,4,35,0
100737,1825,WH_A,2024-01-10,2024-05-14,2024-07-13,Bangalore,Ahmedabad,1858,Rail,15,20186,On Time,Mechanical Issue,1,60,0
100739,2649,WH_D,2024-03-29,2024-04-07,2024-07-15,Chennai,Kolkata,1547,Rail,172,44326,Delayed,Mechanical Issue,5,99,1
100741,4146,WH_C,2024-01-02,2024-01-24,2024-05-26,Chennai,Kolkata,913,Air,137,35570,Delayed,Weather,1,123,1
100742,1412,WH_B,2024-05-03,2024-06-03,2024-07-03,Delhi,Coimbatore,1862,Road,321,29623,Delayed,Warehouse Delay,2,30,1
100744,4491,WH_B,2024-03-14,2024-03-20,2024-04-04,Chennai,Coimbatore,1261,Sea,44,29260,On Time,Mechanical Issue,1,15,0
100746,4348,WH_A,2024-01-22,2024-01-28,2024-06-04,Mumbai,Kolkata,306,Air,493,46715,Early,None,1,128,0
100752,3504,WH_C,2024-02-10,2024-03-10,2024-03-28,Delhi,Jaipur,467,Road,379,3498,On Time,Mechanical Issue,2,18,0
100758,2571,WH_D,2024-03-06,2024-03-21,2024-04-29,Chennai,Pune,859,Road,31,8027,Early,None,5,39,0
100761,3143,WH_B,2024-02-03,2024-04-29,2024-07-03,Chennai,Pune,1797,Sea,234,12518,Delayed,Weather,4,65,1
100763,3710,WH_B,2024-03-07,2024-06-06,2024-06-11,Bangalore,Pune,1760,Road,252,4976,Delayed,None,5,5,1
100765,4807,WH_C,2024-01-27,2024-02-05,2024-02-27,Delhi,Coimbatore,88,Road,253,30732,On Time,Warehouse Delay,1,22,0
100766,1036,WH_B,2024-01-10,2024-03-20,2024-03-23,Hyderabad,Ahmedabad,1999,Rail,449,27982,On Time,Mechanical Issue,5,3,0
100775,2821,WH_B,2024-03-05,2024-03-12,2024-03-30,Delhi,Pune,268,Rail,180,45085,On Time,Traffic,2,18,0
100778,3109,WH_C,2024-01-10,2024-02-02,2024-04-08,Bangalore,Kolkata,1887,Air,295,33820,Early,Warehouse Delay,4,66,0
100789,3492,WH_B,2024-04-07,2024-04-13,2024-05-14,Hyderabad,Ahmedabad,905,Rail,206,48302,Early,Mechanical Issue,4,31,0
100791,4986,WH_C,2024-01-25,2024-03-12,2024-06-05,Chennai,Jaipur,148,Sea,407,34073,Early,Warehouse Delay,3,85,0
100792,1075,WH_A,2024-01-28,2024-03-31,2024-05-02,Delhi,Pune,879,Air,171,34188,On Time,Mechanical Issue,4,32,0
100795,2819,WH_C,2024-03-08,2024-05-06,2024-06-02,Hyderabad,Pune,1156,Road,228,34711,Early,Warehouse Delay,4,27,0
100797,3782,WH_C,2024-02-18,2024-03-15,2024-04-26,Hyderabad,Kolkata,1737,Road,440,46975,Delayed,None,4,42,1
100805,4140,WH_B,2024-02-15,2024-03-03,2024-06-22,Mumbai,Pune,313,Rail,204,10200,On Time,Weather,4,111,0
100806,4170,WH_A,2024-04-15,2024-06-04,2024-06-21,Hyderabad,Jaipur,1298,Sea,451,30480,On Time,None,5,17,0
100809,3995,WH_A,2024-01-06,2024-05-10,2024-06-27,Hyderabad,Jaipur,1052,Road,133,29125,Delayed,Traffic,5,48,1
100815,2167,WH_D,2024-01-27,2024-03-30,2024-07-05,Bangalore,Ahmedabad,882,Road,263,36047,Early,Warehouse Delay,4,97,0
100819,4764,WH_D,2024-03-25,2024-04-11,2024-05-05,Delhi,Kolkata,923,Rail,328,2222,Early,Mechanical Issue,5,24,0
100820,2065,WH_C,2024-05-06,2024-06-25,2024-07-18,Delhi,Ahmedabad,443,Rail,250,14385,On Time,Weather,1,23,0
100828,2238,WH_D,2024-03-13,2024-04-20,2024-05-15,Mumbai,Jaipur,118,Road,65,6672,On Time,Weather,2,25,0
100835,4080,WH_A,2024-04-30,2024-05-01,2024-06-03,Mumbai,Pune,1914,Sea,410,28285,Early,Mechanical Issue,4,33,0
100836,4145,WH_D,2024-02-10,2024-03-03,2024-05-06,Hyderabad,Ahmedabad,1233,Air,300,5070,Delayed,Mechanical Issue,1,64,1
100841,4301,WH_D,2024-04-22,2024-04-27,2024-06-26,Hyderabad,Kolkata,1208,Rail,125,9949,On Time,Weather,4,60,0
100843,2197,WH_C,2024-04-20,2024-04-22,2024-07-18,Hyderabad,Jaipur,160,Road,267,9622,Early,None,3,87,0
100845,2191,WH_D,2024-02-16,2024-06-17,2024-07-13,Hyderabad,Kolkata,807,Sea,477,11491,Early,Mechanical Issue,2,26,0
100849,3842,WH_C,2024-02-12,2024-06-06,2024-07-06,Chennai,Jaipur,1792,Air,302,48839,Early,Mechanical Issue,4,30,0
100853,3076,WH_C,2024-03-01,2024-05-25,2024-06-20,Hyderabad,Ahmedabad,1027,Air,459,38120,Delayed,Weather,1,26,1
100856,3386,WH_D,2024-02-27,2024-04-11,2024-05-20,Bangalore,Pune,571,Rail,247,22412,On Time,Traffic,2,39,0
100859,2388,WH_C,2024-01-16,2024-01-18,2024-02-02,Bangalore,Kolkata,952,Sea,29,15916,On Time,Warehouse Delay,4,15,0
100863,2680,WH_B,2024-05-17,2024-06-06,2024-06-19,Chennai,Coimbatore,110,Sea,226,44275,Early,Weather,3,13,0
100865,4398,WH_A,2024-02-07,2024-03-23,2024-07-04,Chennai,Jaipur,1598,Air,153,12727,Delayed,Traffic,1,103,1
100866,1216,WH_B,2024-05-06,2024-05-28,2024-06-02,Hyderabad,Kolkata,321,Air,485,13531,Early,Warehouse Delay,5,5,0
100867,2324,WH_B,2024-01-19,2024-04-30,2024-05-09,Bangalore,Ahmedabad,1793,Road,328,43783,Early,Weather,2,9,0
100877,3214,WH_A,2024-01-08,2024-03-31,2024-07-18,Hyderabad,Coimbatore,1392,Rail,370,18861,Early,None,1,109,0
100883,4197,WH_B,2024-02-08,2024-04-02,2024-04-27,Hyderabad,Coimbatore,108,Sea,9,30354,Delayed,Weather,4,25,1
100885,1172,WH_C,2024-01-28,2024-03-23,2024-05-19,Chennai,Coimbatore,548,Rail,185,30155,Delayed,Mechanical Issue,4,57,1
100886,1652,WH_D,2024-04-06,2024-05-11,2024-06-16,Delhi,Ahmedabad,1291,Air,295,10452,Early,Warehouse Delay,2,36,0
100887,1753,WH_D,2024-02-06,2024-02-12,2024-02-18,Chennai,Ahmedabad,1968,Road,135,36865,Early,None,4,6,0
100893,1455,WH_D,2024-02-27,2024-03-04,2024-03-24,Hyderabad,Pune,1461,Sea,374,48173,Delayed,Warehouse Delay,4,20,1
100901,3395,WH_D,2024-03-19,2024-04-10,2024-06-04,Bangalore,Jaipur,1122,Rail,272,46078,Delayed,Traffic,5,55,1
100903,1504,WH_B,2024-01-18,2024-04-28,2024-06-16,Bangalore,Kolkata,836,Air,138,41621,Delayed,Weather,2,49,1
100912,1133,WH_A,2024-02-23,2024-05-09,2024-05-11,Chennai,Ahmedabad,1400,Air,439,46840,On Time,Mechanical Issue,2,2,0
100921,1079,WH_A,2024-04-11,2024-05-24,2024-05-29,Chennai,Kolkata,565,Rail,56,32234,Delayed,Traffic,5,5,1
100930,2555,WH_B,2024-03-24,2024-06-10,2024-07-17,Delhi,Jaipur,1820,Road,126,32489,Delayed,Weather,2,37,1
100932,4473,WH_C,2024-02-04,2024-05-01,2024-07-08,Hyderabad,Coimbatore,729,Air,80,25805,Early,Traffic,4,68,0
100936,2549,WH_B,2024-01-27,2024-03-09,2024-06-02,Hyderabad,Coimbatore,1078,Road,407,19208,Delayed,None,3,85,1
100937,2166,WH_D,2024-02-25,2024-06-03,2024-07-02,Hyderabad,Pune,1741,Sea,333,13883,Early,Weather,1,29,0
100945,1470,WH_A,2024-03-28,2024-06-10,2024-06-13,Bangalore,Coimbatore,1459,Rail,278,10756,Delayed,Traffic,2,3,1
100948,2353,WH_B,2024-02-15,2024-05-06,2024-06-15,Delhi,Jaipur,1380,Road,423,34790,Delayed,Weather,4,40,1
100957,2031,WH_C,2024-02-27,2024-03-20,2024-05-12,Delhi,Coimbatore,804,Rail,52,14360,On Time,None,1,53,0
100959,2371,WH_A,2024-03-20,2024-03-22,2024-07-07,Delhi,Jaipur,122,Air,101,28406,Delayed,None,4,107,1
100961,1089,WH_D,2024-04-22,2024-05-04,2024-06-25,Bangalore,Jaipur,1646,Rail,201,34555,Early,Traffic,5,52,0
100964,4387,WH_B,2024-01-06,2024-01-21,2024-06-10,Hyderabad,Pune,736,Rail,199,32156,Delayed,Weather,4,141,1
100966,1539,WH_D,2024-02-04,2024-05-11,2024-06-20,Hyderabad,Pune,1039,Sea,494,16413,Delayed,Weather,1,40,1
100976,2224,WH_D,2024-02-26,2024-05-14,2024-06-08,Bangalore,Pune,66,Air,77,49631,On Time,Traffic,1,25,0
100992,1708,WH_D,2024-04-17,2024-04-17,2024-06-18,Mumbai,Coimbatore,1958,Road,337,26134,Delayed,None,4,62,1
100996,1009,WH_B,2024-02-02,2024-03-10,2024-04-16,Hyderabad,Jaipur,188,Air,377,49480,Delayed,Warehouse Delay,5,37,1
100998,1797,WH_B,2024-05-05,2024-05-23,2024-05-27,Mumbai,Jaipur,373,Sea,265,22459,On Time,Warehouse Delay,4,4,0
101006,1373,WH_B,2024-01-28,2024-05-11,2024-07-17,Delhi,Ahmedabad,123,Road,452,12839,Early,Weather,5,67,0
101017,4925,WH_A,2024-03-12,2024-04-16,2024-07-09,Hyderabad,Pune,873,Rail,69,18931,Early,Weather,5,84,0
101018,3874,WH_C,2024-04-16,2024-05-05,2024-05-06,Hyderabad,Pune,567,Air,134,1035,Early,None,1,1,0
101032,3756,WH_A,2024-04-02,2024-05-25,2024-05-27,Hyderabad,Pune,1743,Road,429,4121,On Time,Mechanical Issue,1,2,0
101034,2668,WH_D,2024-02-17,2024-04-25,2024-07-14,Hyderabad,Ahmedabad,850,Rail,16,21447,Early,Traffic,4,80,0
101041,3724,WH_D,2024-03-28,2024-04-08,2024-05-19,Hyderabad,Coimbatore,477,Air,343,48760,On Time,None,5,41,0
101045,2168,WH_D,2024-01-13,2024-05-12,2024-05-18,Bangalore,Ahmedabad,1574,Sea,141,39084,On Time,Weather,4,6,0
101046,4156,WH_C,2024-03-09,2024-03-23,2024-07-08,Chennai,Kolkata,1536,Road,167,37872,Delayed,Weather,2,107,1
101049,2901,WH_C,2024-01-07,2024-01-13,2024-07-05,Hyderabad,Coimbatore,424,Rail,424,45129,Delayed,Mechanical Issue,4,174,1
101051,1050,WH_C,2024-02-18,2024-03-15,2024-04-16,Bangalore,Jaipur,997,Air,50,30631,On Time,None,1,32,0
101063,4143,WH_B,2024-05-03,2024-05-19,2024-07-11,Hyderabad,Ahmedabad,1671,Sea,164,2426,On Time,None,5,53,0
101065,3201,WH_C,2024-01-25,2024-02-23,2024-03-02,Hyderabad,Ahmedabad,1803,Sea,340,6488,On Time,Weather,2,8,0
101073,1267,WH_D,2024-03-26,2024-05-29,2024-06-19,Bangalore,Pune,1833,Air,69,38290,Early,None,4,21,0
101078,4037,WH_B,2024-04-27,2024-05-15,2024-06-14,Delhi,Kolkata,1018,Air,309,38579,Delayed,Weather,1,30,1
101084,3814,WH_B,2024-01-15,2024-02-14,2024-02-19,Mumbai,Pune,1971,Sea,404,21291,Early,Mechanical Issue,5,5,0
101088,2252,WH_B,2024-01-30,2024-04-29,2024-07-10,Bangalore,Kolkata,1573,Air,351,25600,On Time,Traffic,1,72,0
101095,4493,WH_D,2024-01-22,2024-02-21,2024-03-24,Chennai,Coimbatore,1275,Air,335,2912,Delayed,Weather,2,32,1
101096,4775,WH_D,2024-01-06,2024-01-11,2024-01-12,Hyderabad,Jaipur,1847,Sea,273,49361,On Time,Warehouse Delay,4,1,0
101098,3785,WH_D,2024-02-05,2024-05-29,2024-06-17,Delhi,Kolkata,207,Sea,52,21448,Delayed,Weather,1,19,1
101107,1446,WH_D,2024-02-14,2024-04-06,2024-05-29,Hyderabad,Ahmedabad,1702,Air,16,8149,Early,None,1,53,0
101109,2331,WH_B,2024-01-20,2024-02-12,2024-03-29,Hyderabad,Jaipur,795,Rail,195,35223,Delayed,Warehouse Delay,4,46,1
101112,4552,WH_C,2024-03-23,2024-04-20,2024-05-05,Mumbai,Coimbatore,1961,Rail,303,5049,On Time,Traffic,3,15,0
101114,2358,WH_D,2024-03-04,2024-06-19,2024-06-26,Delhi,Jaipur,576,Rail,235,12309,On Time,Traffic,5,7,0
101134,4845,WH_B,2024-03-01,2024-04-24,2024-05-22,Bangalore,Ahmedabad,1996,Sea,163,11402,Early,Warehouse Delay,2,28,0
101147,3895,WH_C,2024-02-13,2024-05-19,2024-05-30,Hyderabad,Kolkata,1991,Sea,305,30410,Early,Warehouse Delay,4,11,0
101149,2994,WH_A,2024-02-28,2024-06-10,2024-06-28,Chennai,Coimbatore,1615,Road,158,37007,On Time,None,2,18,0
101150,4445,WH_A,2024-03-11,2024-06-24,2024-07-17,Chennai,Coimbatore,175,Rail,19,48179,Early,Mechanical Issue,1,23,0
101159,2887,WH_C,2024-01-21,2024-01-24,2024-05-13,Delhi,Pune,1078,Air,28,32269,Early,None,4,110,0
101167,4122,WH_A,2024-01-13,2024-01-19,2024-02-14,Chennai,Jaipur,1587,Road,330,36718,Early,None,3,26,0
101168,4474,WH_B,2024-01-11,2024-02-27,2024-03-16,Hyderabad,Coimbatore,327,Air,396,20279,Early,None,4,18,0
101174,4900,WH_A,2024-02-26,2024-03-24,2024-07-14,Mumbai,Pune,1393,Road,245,33182,Delayed,Mechanical Issue,1,112,1
101182,3393,WH_C,2024-03-21,2024-04-18,2024-05-22,Delhi,Pune,1416,Sea,220,38797,Delayed,Weather,5,34,1
101190,4144,WH_A,2024-03-02,2024-03-29,2024-04-25,Mumbai,Pune,1188,Sea,265,10691,Delayed,Mechanical Issue,4,27,1
101192,3296,WH_D,2024-05-07,2024-05-31,2024-06-16,Hyderabad,Kolkata,50,Rail,13,18411,On Time,Weather,4,16,0
101194,2144,WH_C,2024-02-07,2024-03-14,2024-05-20,Delhi,Kolkata,1833,Air,380,35294,On Time,None,3,67,0
101202,4644,WH_C,2024-04-19,2024-06-18,2024-06-28,Hyderabad,Ahmedabad,73,Sea,202,15205,Early,Traffic,1,10,0
101205,3851,WH_A,2024-04-09,2024-05-23,2024-06-04,Bangalore,Jaipur,1284,Rail,397,25652,Delayed,Mechanical Issue,5,12,1
101212,3766,WH_A,2024-03-10,2024-04-09,2024-07-09,Chennai,Coimbatore,1004,Air,477,18239,Early,Weather,5,91,0
101213,1302,WH_D,2024-03-24,2024-05-23,2024-07-09,Delhi,Jaipur,1293,Sea,214,11409,On Time,Traffic,4,47,0
101219,1027,WH_C,2024-01-01,2024-01-27,2024-04-23,Delhi,Pune,1448,Rail,192,31209,On Time,Mechanical Issue,5,87,0
101223,1364,WH_B,2024-03-10,2024-06-17,2024-06-29,Bangalore,Ahmedabad,1255,Road,417,21092,Early,Mechanical Issue,4,12,0
101228,1882,WH_D,2024-03-19,2024-04-14,2024-06-03,Bangalore,Ahmedabad,592,Rail,366,12833,Delayed,Warehouse Delay,4,50,1
101229,2030,WH_B,2024-01-05,2024-03-21,2024-04-15,Bangalore,Pune,741,Sea,340,5790,Early,Traffic,3,25,0
101232,1918,WH_C,2024-02-15,2024-04-16,2024-07-19,Hyderabad,Coimbatore,1211,Sea,71,48937,On Time,None,4,94,0
101236,2531,WH_A,2024-02-25,2024-03-31,2024-03-31,Mumbai,Pune,779,Rail,407,36155,Delayed,Traffic,3,0,1
101246,3075,WH_A,2024-02-07,2024-03-18,2024-07-14,Bangalore,Coimbatore,1837,Sea,185,19576,On Time,Mechanical Issue,2,118,0
101249,2976,WH_A,2024-01-20,2024-04-19,2024-06-06,Delhi,Ahmedabad,1033,Rail,216,20165,Early,None,4,48,0
101251,2254,WH_A,2024-02-12,2024-02-28,2024-06-13,Chennai,Ahmedabad,1178,Road,239,40321,Early,Traffic,5,106,0
101252,3133,WH_A,2024-01-31,2024-03-19,2024-06-19,Delhi,Jaipur,794,Sea,293,48440,Delayed,Mechanical Issue,1,92,1
101261,2603,WH_C,2024-01-13,2024-04-11,2024-07-14,Delhi,Kolkata,1442,Sea,202,33469,Delayed,Warehouse Delay,1,94,1
101263,1066,WH_B,2024-02-04,2024-03-15,2024-07-02,Bangalore,Jaipur,897,Air,94,3586,On Time,Warehouse Delay,4,109,0
101266,2169,WH_A,2024-02-17,2024-05-23,2024-06-06,Hyderabad,Jaipur,1263,Air,75,40393,Delayed,Weather,5,14,1
101267,3158,WH_D,2024-02-04,2024-06-15,2024-06-15,Chennai,Jaipur,933,Road,470,8360,On Time,Mechanical Issue,5,0,0
101276,3642,WH_A,2024-04-08,2024-05-26,2024-06-25,Delhi,Jaipur,170,Sea,195,39155,On Time,Mechanical Issue,1,30,0
101282,2305,WH_B,2024-01-25,2024-04-11,2024-05-26,Chennai,Jaipur,610,Road,309,47113,Delayed,Weather,1,45,1
101284,2761,WH_D,2024-03-01,2024-03-02,2024-07-14,Chennai,Ahmedabad,1202,Road,400,2791,Early,Warehouse Delay,3,134,0
101285,4514,WH_D,2024-01-29,2024-02-23,2024-03-17,Bangalore,Kolkata,1906,Rail,156,47663,Delayed,Weather,3,23,1
101286,2975,WH_A,2024-05-06,2024-05-26,2024-06-19,Hyderabad,Pune,589,Air,4,12891,On Time,Traffic,2,24,0
101287,3362,WH_A,2024-01-19,2024-06-20,2024-07-15,Chennai,Pune,405,Air,499,35966,Early,Weather,2,25,0
101293,2460,WH_A,2024-01-20,2024-04-03,2024-06-27,Delhi,Kolkata,612,Sea,239,18091,Early,Warehouse Delay,3,85,0
101298,2526,WH_D,2024-04-19,2024-06-19,2024-06-20,Delhi,Coimbatore,1533,Sea,289,28672,On Time,None,5,1,0
101299,3671,WH_B,2024-01-28,2024-03-21,2024-07-06,Mumbai,Kolkata,1498,Road,81,11437,Early,Warehouse Delay,3,107,0
101300,3563,WH_C,2024-02-28,2024-03-17,2024-05-09,Chennai,Ahmedabad,760,Rail,197,28621,Early,Warehouse Delay,5,53,0
101305,3397,WH_D,2024-02-19,2024-06-16,2024-07-20,Bangalore,Kolkata,1945,Air,205,20312,Early,Mechanical Issue,4,34,0
101313,3590,WH_C,2024-05-18,2024-06-19,2024-07-10,Chennai,Pune,258,Road,319,2297,Early,Traffic,1,21,0
101324,1003,WH_B,2024-02-28,2024-05-10,2024-05-17,Bangalore,Coimbatore,603,Air,434,11504,Early,Mechanical Issue,2,7,0
101327,1117,WH_D,2024-03-23,2024-06-08,2024-06-22,Delhi,Coimbatore,1180,Sea,440,15916,Early,None,2,14,0
101328,3928,WH_D,2024-03-05,2024-04-21,2024-06-18,Chennai,Coimbatore,88,Road,376,6652,On Time,None,5,58,0
101331,3021,WH_A,2024-01-04,2024-02-21,2024-04-05,Delhi,Coimbatore,61,Rail,476,25852,Delayed,Mechanical Issue,4,44,1
101346,2141,WH_C,2024-02-12,2024-02-19,2024-06-04,Chennai,Coimbatore,98,Air,231,30797,Early,Traffic,3,106,0
101347,3883,WH_A,2024-01-12,2024-03-17,2024-04-13,Mumbai,Ahmedabad,707,Road,111,49740,Delayed,Weather,3,27,1
101348,2810,WH_D,2024-02-09,2024-02-25,2024-04-17,Chennai,Kolkata,1710,Sea,145,15272,Early,Traffic,4,52,0
101361,2917,WH_C,2024-02-05,2024-02-07,2024-05-07,Chennai,Jaipur,1069,Road,422,25305,Early,None,2,90,0
101370,1689,WH_A,2024-01-29,2024-02-22,2024-05-26,Bangalore,Coimbatore,1699,Rail,158,8295,Early,Mechanical Issue,4,94,0
101375,2673,WH_C,2024-04-25,2024-06-21,2024-07-10,Mumbai,Jaipur,1802,Rail,76,29494,Early,Weather,1,19,0
101379,2191,WH_B,2024-01-07,2024-03-10,2024-07-14,Hyderabad,Coimbatore,1817,Air,229,49398,Delayed,Mechanical Issue,5,126,1
101391,4621,WH_C,2024-04-04,2024-05-16,2024-07-10,Chennai,Ahmedabad,258,Rail,46,48931,On Time,None,5,55,0
101400,2969,WH_A,2024-01-17,2024-03-10,2024-04-03,Mumbai,Kolkata,1302,Rail,202,39085,Delayed,Traffic,1,24,1
101402,2908,WH_B,2024-02-11,2024-03-03,2024-04-05,Hyderabad,Coimbatore,489,Rail,482,46135,Early,Mechanical Issue,1,33,0
101405,2160,WH_D,2024-05-26,2024-06-15,2024-07-19,Mumbai,Jaipur,1523,Sea,278,29604,On Time,Weather,1,34,0
101410,4391,WH_C,2024-04-17,2024-06-10,2024-07-04,Delhi,Ahmedabad,1693,Rail,356,43302,Delayed,None,1,24,1
101411,3965,WH_C,2024-02-27,2024-05-21,2024-06-22,Hyderabad,Jaipur,1262,Air,318,18457,Delayed,Traffic,4,32,1
101413,2855,WH_C,2024-01-20,2024-04-07,2024-06-07,Chennai,Jaipur,657,Rail,87,21328,On Time,Mechanical Issue,2,61,0
101424,4236,WH_D,2024-02-09,2024-03-12,2024-03-14,Bangalore,Coimbatore,1678,Air,33,20939,Early,Traffic,5,2,0
101439,2318,WH_C,2024-01-28,2024-02-27,2024-03-03,Hyderabad,Jaipur,1848,Sea,241,8199,Delayed,Mechanical Issue,4,5,1
101442,3847,WH_D,2024-05-04,2024-05-08,2024-05-31,Chennai,Pune,136,Sea,41,38391,Early,Warehouse Delay,4,23,0
101443,4762,WH_B,2024-01-13,2024-04-07,2024-05-12,Delhi,Coimbatore,714,Sea,238,49479,On Time,None,3,35,0
101448,1574,WH_B,2024-01-04,2024-03-08,2024-04-16,Chennai,Coimbatore,144,Rail,449,45445,On Time,None,2,39,0
101460,4110,WH_D,2024-02-15,2024-03-22,2024-03-25,Delhi,Jaipur,1529,Air,288,43131,Delayed,Weather,5,3,1
101462,1197,WH_B,2024-01-10,2024-01-20,2024-05-01,Hyderabad,Jaipur,1792,Rail,235,38345,On Time,None,4,102,0
101469,4571,WH_C,2024-02-29,2024-03-14,2024-06-08,Delhi,Jaipur,341,Road,219,23582,Early,Weather,3,86,0
101476,2254,WH_D,2024-01-22,2024-04-10,2024-06-17,Chennai,Ahmedabad,1651,Air,264,20067,Early,Weather,2,68,0
101481,4512,WH_D,2024-04-24,2024-04-27,2024-05-25,Mumbai,Jaipur,1270,Road,233,41944,On Time,Mechanical Issue,3,28,0
101491,2857,WH_A,2024-02-01,2024-02-21,2024-07-13,Delhi,Pune,616,Sea,387,16810,On Time,Warehouse Delay,1,143,0
101502,3275,WH_C,2024-01-18,2024-04-09,2024-04-21,Bangalore,Pune,476,Road,375,9489,On Time,Mechanical Issue,5,12,0
101504,3263,WH_A,2024-02-08,2024-05-09,2024-06-11,Delhi,Jaipur,1560,Air,55,30035,On Time,Mechanical Issue,4,33,0
101513,3371,WH_A,2024-01-14,2024-04-19,2024-04-19,Bangalore,Ahmedabad,988,Sea,264,9422,On Time,Weather,1,0,0
101515,4756,WH_C,2024-02-23,2024-05-28,2024-07-10,Chennai,Pune,1751,Road,68,2525,Delayed,None,5,43,1
101528,1010,WH_B,2024-04-05,2024-05-26,2024-07-10,Mumbai,Ahmedabad,1048,Road,88,26494,Early,Weather,1,45,0
101532,3597,WH_B,2024-01-06,2024-01-28,2024-04-07,Delhi,Jaipur,934,Air,274,20610,On Time,Warehouse Delay,5,70,0
101537,1345,WH_B,2024-03-16,2024-06-21,2024-07-07,Delhi,Coimbatore,744,Rail,458,8155,Early,Traffic,5,16,0
101547,4040,WH_A,2024-01-31,2024-02-05,2024-06-28,Delhi,Coimbatore,1054,Road,224,24221,Delayed,Mechanical Issue,3,144,1
101554,1355,WH_A,2024-05-06,2024-06-02,2024-07-06,Bangalore,Ahmedabad,736,Road,359,15832,On Time,Mechanical Issue,5,34,0
101558,3935,WH_D,2024-01-20,2024-01-24,2024-06-25,Delhi,Jaipur,757,Road,146,22601,Early,Warehouse Delay,3,153,0
101563,4056,WH_C,2024-01-17,2024-02-25,2024-07-03,Mumbai,Kolkata,268,Rail,255,4552,On Time,Weather,2,129,0
101567,2928,WH_C,2024-04-18,2024-05-15,2024-06-12,Hyderabad,Kolkata,1813,Air,472,1749,Early,Traffic,5,28,0
101568,2013,WH_C,2024-01-23,2024-04-05,2024-05-11,Bangalore,Jaipur,134,Rail,468,23470,Delayed,None,5,36,1
101574,4797,WH_D,2024-01-13,2024-02-12,2024-03-10,Mumbai,Ahmedabad,1408,Air,176,34216,On Time,Traffic,4,27,0
101582,2645,WH_D,2024-04-12,2024-05-02,2024-05-09,Hyderabad,Ahmedabad,1965,Rail,56,18518,Early,Mechanical Issue,4,7,0
101583,3467,WH_D,2024-01-13,2024-01-18,2024-03-05,Chennai,Pune,1873,Air,407,43398,On Time,Mechanical Issue,5,47,0
101592,2934,WH_A,2024-02-24,2024-05-06,2024-07-14,Chennai,Coimbatore,1726,Road,271,28118,On Time,Weather,5,69,0
101598,1201,WH_C,2024-04-17,2024-06-27,2024-07-07,Hyderabad,Jaipur,1786,Air,199,40858,Delayed,Traffic,2,10,1
101612,4974,WH_D,2024-01-09,2024-04-30,2024-05-19,Delhi,Ahmedabad,911,Rail,450,2120,Early,Mechanical Issue,1,19,0
101619,1938,WH_A,2024-01-12,2024-05-14,2024-06-22,Mumbai,Jaipur,436,Road,139,5801,Early,Traffic,2,39,0
101620,1954,WH_C,2024-03-05,2024-03-10,2024-04-30,Mumbai,Ahmedabad,1012,Sea,422,15644,Early,Mechanical Issue,2,51,0
101628,2203,WH_D,2024-01-17,2024-04-11,2024-04-16,Hyderabad,Kolkata,418,Air,86,49055,On Time,Mechanical Issue,1,5,0
101633,3224,WH_D,2024-02-25,2024-02-26,2024-06-08,Mumbai,Kolkata,746,Air,325,12722,Delayed,Weather,1,103,1
101644,1848,WH_D,2024-02-18,2024-04-09,2024-04-17,Bangalore,Jaipur,380,Air,196,43827,Delayed,Traffic,3,8,1
101648,1147,WH_C,2024-04-13,2024-06-29,2024-07-11,Chennai,Jaipur,553,Air,223,32477,On Time,Warehouse Delay,4,12,0
101653,2724,WH_C,2024-01-06,2024-01-23,2024-06-02,Mumbai,Coimbatore,1825,Air,35,15391,Early,Weather,4,131,0
101655,3608,WH_C,2024-01-28,2024-04-17,2024-07-06,Bangalore,Pune,816,Road,103,28016,Delayed,Mechanical Issue,1,80,1
101656,1326,WH_D,2024-02-07,2024-03-08,2024-06-11,Hyderabad,Jaipur,1037,Sea,161,41412,On Time,Warehouse Delay,1,95,0
101664,1951,WH_A,2024-02-27,2024-02-27,2024-03-14,Hyderabad,Ahmedabad,1977,Air,226,22651,On Time,None,1,16,0
101665,1722,WH_D,2024-01-13,2024-01-13,2024-03-12,Chennai,Pune,575,Air,392,6330,On Time,None,4,59,0
101668,3717,WH_C,2024-02-01,2024-04-07,2024-06-01,Delhi,Coimbatore,457,Road,71,18974,On Time,None,3,55,0
101687,3161,WH_A,2024-01-31,2024-03-08,2024-06-13,Hyderabad,Ahmedabad,1960,Air,392,23657,Early,Mechanical Issue,1,97,0
101690,1946,WH_A,2024-01-25,2024-03-12,2024-04-07,Mumbai,Jaipur,82,Rail,453,17921,Delayed,None,5,26,1
101692,4715,WH_D,2024-03-07,2024-03-11,2024-04-20,Delhi,Coimbatore,676,Air,166,8046,On Time,Mechanical Issue,4,40,0
101697,4942,WH_C,2024-05-27,2024-06-02,2024-06-06,Chennai,Ahmedabad,1941,Road,70,10325,Early,Weather,3,4,0
101699,1799,WH_D,2024-01-10,2024-02-09,2024-07-12,Bangalore,Pune,91,Rail,335,45461,Early,Warehouse Delay,1,154,0
101702,2901,WH_A,2024-01-05,2024-05-19,2024-05-28,Mumbai,Coimbatore,868,Sea,253,18078,On Time,Mechanical Issue,1,9,0
101703,3209,WH_C,2024-01-27,2024-03-11,2024-04-18,Delhi,Coimbatore,706,Rail,346,42035,Delayed,None,5,38,1
101704,4451,WH_A,2024-04-22,2024-05-05,2024-05-07,Chennai,Pune,1986,Air,499,8423,Delayed,Mechanical Issue,5,2,1
101714,1312,WH_A,2024-03-24,2024-04-03,2024-06-29,Delhi,Pune,1679,Rail,53,44994,On Time,Warehouse Delay,3,87,0
101735,2111,WH_B,2024-02-15,2024-03-23,2024-06-06,Bangalore,Ahmedabad,233,Road,166,24588,Early,Warehouse Delay,4,75,0
101736,4149,WH_C,2024-01-25,2024-03-28,2024-05-01,Delhi,Kolkata,276,Air,243,22999,On Time,Mechanical Issue,4,34,0
101746,3516,WH_B,2024-02-16,2024-06-18,2024-07-16,Bangalore,Coimbatore,1303,Road,122,11133,Early,Warehouse Delay,2,28,0
101748,3782,WH_A,2024-01-18,2024-03-10,2024-06-03,Delhi,Jaipur,1145,Rail,186,30625,Delayed,Mechanical Issue,2,85,1
101754,1774,WH_C,2024-03-29,2024-04-01,2024-07-18,Bangalore,Ahmedabad,789,Rail,215,20501,Delayed,Warehouse Delay,1,108,1
101761,1914,WH_D,2024-02-25,2024-06-19,2024-07-02,Delhi,Ahmedabad,782,Sea,275,49044,Early,Warehouse Delay,3,13,0
101766,1513,WH_C,2024-01-02,2024-05-23,2024-07-16,Hyderabad,Kolkata,378,Air,465,4658,On Time,Mechanical Issue,3,54,0
101778,1395,WH_D,2024-04-03,2024-05-06,2024-05-19,Mumbai,Coimbatore,969,Road,277,41031,Early,Traffic,5,13,0
101782,1933,WH_C,2024-02-21,2024-04-26,2024-06-19,Bangalore,Coimbatore,1393,Road,267,1632,Early,Traffic,4,54,0
101797,4229,WH_C,2024-04-08,2024-04-09,2024-04-11,Hyderabad,Pune,827,Sea,448,3050,On Time,Mechanical Issue,5,2,0
101807,3573,WH_D,2024-03-18,2024-05-10,2024-05-20,Hyderabad,Coimbatore,540,Sea,461,32286,On Time,Warehouse Delay,2,10,0
101809,3599,WH_D,2024-01-06,2024-03-10,2024-04-20,Hyderabad,Jaipur,1223,Air,73,16650,On Time,Weather,5,41,0
101816,4306,WH_A,2024-01-27,2024-03-17,2024-04-24,Chennai,Pune,1705,Sea,76,29792,Delayed,Weather,2,38,1
101820,1441,WH_A,2024-02-29,2024-03-11,2024-06-11,Hyderabad,Kolkata,1747,Sea,395,43411,On Time,None,2,92,0
101826,1074,WH_C,2024-01-26,2024-03-13,2024-07-07,Bangalore,Jaipur,1461,Road,464,39684,Early,Warehouse Delay,3,116,0
101828,4217,WH_D,2024-01-05,2024-01-16,2024-06-06,Delhi,Coimbatore,1715,Rail,31,45596,Delayed,Warehouse Delay,3,142,1
101839,4045,WH_C,2024-02-13,2024-04-30,2024-07-19,Hyderabad,Pune,1902,Sea,9,49847,Delayed,Mechanical Issue,2,80,1
101843,4700,WH_A,2024-03-03,2024-06-04,2024-06-05,Hyderabad,Pune,632,Road,140,16253,Early,Warehouse Delay,2,1,0
101844,4945,WH_A,2024-06-11,2024-06-15,2024-06-15,Delhi,Ahmedabad,448,Sea,316,30479,Delayed,Warehouse Delay,1,0,1
101845,1341,WH_D,2024-03-21,2024-03-31,2024-04-02,Delhi,Jaipur,1566,Air,340,45589,Delayed,Mechanical Issue,1,2,1
101865,3681,WH_B,2024-02-01,2024-04-04,2024-05-22,Mumbai,Coimbatore,570,Air,483,11844,On Time,Mechanical Issue,5,48,0
101879,1148,WH_A,2024-01-28,2024-04-03,2024-06-25,Chennai,Jaipur,577,Air,289,17139,Delayed,Warehouse Delay,1,83,1
101882,3058,WH_D,2024-01-03,2024-06-05,2024-07-06,Bangalore,Pune,185,Road,270,49541,Early,None,4,31,0
101890,2333,WH_A,2024-03-11,2024-03-31,2024-06-08,Hyderabad,Coimbatore,793,Air,107,11183,Delayed,Warehouse Delay,2,69,1
101901,4619,WH_C,2024-02-29,2024-04-15,2024-06-11,Hyderabad,Jaipur,256,Air,181,31801,Early,Warehouse Delay,3,57,0
101910,4578,WH_A,2024-04-17,2024-05-09,2024-06-27,Chennai,Pune,418,Sea,282,31123,Early,Mechanical Issue,2,49,0
101911,1364,WH_D,2024-01-04,2024-03-28,2024-06-25,Mumbai,Pune,1565,Sea,259,17302,Early,Weather,2,89,0
101916,4521,WH_A,2024-04-15,2024-05-05,2024-05-15,Mumbai,Kolkata,1098,Air,468,25160,On Time,Traffic,3,10,0
101922,2664,WH_C,2024-01-06,2024-02-23,2024-05-12,Delhi,Coimbatore,289,Road,281,6024,Delayed,Weather,3,79,1
101926,2639,WH_B,2024-03-07,2024-03-28,2024-06-07,Chennai,Ahmedabad,1972,Road,270,18173,On Time,None,5,71,0
101930,4874,WH_A,2024-05-24,2024-05-28,2024-07-04,Mumbai,Kolkata,739,Air,478,19789,Delayed,None,2,37,1
101931,1130,WH_D,2024-04-05,2024-04-13,2024-05-26,Hyderabad,Coimbatore,706,Sea,275,31730,Delayed,Traffic,3,43,1
101934,1107,WH_C,2024-02-10,2024-03-06,2024-06-14,Bangalore,Pune,393,Air,20,36190,Delayed,Traffic,2,100,1
101941,3322,WH_A,2024-01-11,2024-02-25,2024-06-28,Chennai,Pune,154,Rail,377,27946,On Time,None,1,124,0
101942,2636,WH_D,2024-01-03,2024-03-16,2024-05-12,Mumbai,Kolkata,1860,Sea,152,30479,On Time,Traffic,4,57,0
101947,1329,WH_D,2024-01-14,2024-02-05,2024-06-28,Bangalore,Kolkata,576,Air,479,9709,On Time,Weather,1,144,0
101948,4640,WH_A,2024-01-18,2024-01-25,2024-02-08,Chennai,Ahmedabad,553,Air,228,45160,Early,None,1,14,0
101952,1011,WH_C,2024-03-23,2024-05-24,2024-06-11,Mumbai,Kolkata,284,Sea,149,12221,Delayed,Warehouse Delay,1,18,1
101955,1215,WH_B,2024-03-09,2024-03-20,2024-05-29,Bangalore,Coimbatore,1336,Rail,351,39937,Delayed,Warehouse Delay,2,70,1
101958,3708,WH_C,2024-01-30,2024-02-13,2024-07-12,Chennai,Kolkata,1966,Air,427,5504,Delayed,Warehouse Delay,4,150,1
101959,4152,WH_C,2024-01-25,2024-03-10,2024-04-29,Bangalore,Coimbatore,1362,Air,395,14801,Delayed,None,2,50,1
101982,4990,WH_A,2024-03-04,2024-06-13,2024-07-01,Chennai,Coimbatore,1218,Rail,143,17241,Delayed,None,3,18,1
101983,2817,WH_C,2024-01-02,2024-02-02,2024-03-03,Hyderabad,Pune,357,Rail,244,18065,On Time,Warehouse Delay,5,30,0
101987,1390,WH_D,2024-02-23,2024-02-26,2024-05-16,Bangalore,Pune,441,Road,174,31780,Early,None,3,80,0
101990,1628,WH_C,2024-01-18,2024-01-31,2024-06-09,Chennai,Ahmedabad,818,Air,111,20013,Early,Traffic,4,130,0
101993,3930,WH_D,2024-01-06,2024-03-21,2024-07-02,Bangalore,Kolkata,214,Sea,153,28634,Delayed,Traffic,3,103,1
101996,2521,WH_B,2024-02-17,2024-03-06,2024-05-08,Bangalore,Jaipur,870,Rail,356,6794,On Time,Mechanical Issue,5,63,0
102002,1989,WH_D,2024-02-28,2024-04-19,2024-04-28,Delhi,Kolkata,1125,Sea,404,48053,Early,Warehouse Delay,4,9,0
102004,1934,WH_B,2024-01-27,2024-04-11,2024-04-23,Hyderabad,Jaipur,1208,Rail,420,16806,Early,None,4,12,0
102005,4042,WH_C,2024-03-19,2024-04-10,2024-04-26,Mumbai,Kolkata,706,Air,477,43335,Early,Mechanical Issue,3,16,0
102013,4223,WH_A,2024-01-12,2024-01-23,2024-03-22,Mumbai,Jaipur,1358,Sea,157,28487,Early,Traffic,1,59,0
102016,3235,WH_D,2024-01-17,2024-04-10,2024-05-28,Chennai,Pune,1383,Road,419,20854,On Time,None,4,48,0
102019,1130,WH_D,2024-02-05,2024-04-13,2024-06-23,Chennai,Jaipur,547,Air,363,29258,On Time,Mechanical Issue,2,71,0
102020,3852,WH_A,2024-01-08,2024-02-17,2024-06-04,Delhi,Kolkata,483,Rail,362,40909,Early,Traffic,1,108,0
102023,4033,WH_A,2024-02-05,2024-02-24,2024-02-29,Hyderabad,Pune,886,Road,113,46653,On Time,Weather,5,5,0
102034,1920,WH_D,2024-03-11,2024-05-22,2024-06-16,Mumbai,Jaipur,757,Air,113,17237,Delayed,None,2,25,1
102038,1015,WH_A,2024-02-06,2024-04-13,2024-07-09,Bangalore,Kolkata,448,Rail,292,30784,Delayed,Warehouse Delay,3,87,1
102045,1738,WH_B,2024-04-15,2024-05-12,2024-06-21,Bangalore,Kolkata,867,Sea,391,16421,Early,Weather,3,40,0
102051,2804,WH_A,2024-01-29,2024-04-09,2024-06-08,Delhi,Coimbatore,1591,Road,482,2568,On Time,Warehouse Delay,5,60,0
102059,1813,WH_C,2024-01-16,2024-03-10,2024-03-24,Chennai,Kolkata,1714,Rail,446,21075,Early,None,3,14,0
102063,1476,WH_D,2024-02-14,2024-06-26,2024-06-28,Hyderabad,Jaipur,760,Rail,323,11617,On Time,None,4,2,0
102068,1271,WH_A,2024-03-02,2024-03-03,2024-06-11,Bangalore,Kolkata,1170,Sea,349,29283,Early,Warehouse Delay,3,100,0
102070,2771,WH_B,2024-04-09,2024-05-05,2024-05-16,Mumbai,Pune,734,Air,183,5789,Early,None,1,11,0
102071,2262,WH_A,2024-01-22,2024-04-24,2024-05-09,Bangalore,Pune,662,Sea,168,14410,On Time,Mechanical Issue,5,15,0
102076,4430,WH_D,2024-03-13,2024-06-19,2024-07-01,Hyderabad,Jaipur,265,Rail,452,30789,Early,Weather,5,12,0
102081,3050,WH_A,2024-03-19,2024-03-23,2024-05-15,Bangalore,Ahmedabad,1356,Sea,431,22574,Delayed,Mechanical Issue,2,53,1
102092,1431,WH_D,2024-03-15,2024-06-22,2024-07-17,Mumbai,Kolkata,1366,Sea,38,46795,Early,Mechanical Issue,5,25,0
102097,1398,WH_B,2024-02-03,2024-02-27,2024-07-03,Delhi,Jaipur,1280,Sea,352,36981,On Time,Traffic,5,127,0
102099,4960,WH_C,2024-02-11,2024-04-07,2024-05-26,Delhi,Pune,98,Air,326,4622,Early,Weather,5,49,0
102111,2463,WH_D,2024-03-23,2024-05-17,2024-06-30,Bangalore,Ahmedabad,602,Rail,292,47810,Delayed,Weather,4,44,1
102113,2325,WH_A,2024-02-01,2024-02-03,2024-04-24,Hyderabad,Kolkata,1245,Rail,255,2369,On Time,Warehouse Delay,3,81,0
102129,1884,WH_A,2024-05-18,2024-06-28,2024-07-15,Bangalore,Jaipur,1680,Rail,227,12970,On Time,None,4,17,0
102132,2389,WH_B,2024-01-04,2024-06-12,2024-07-04,Chennai,Pune,116,Sea,304,529,Early,Warehouse Delay,4,22,0
102135,1225,WH_A,2024-04-20,2024-05-10,2024-05-10,Bangalore,Kolkata,255,Air,117,48770,Early,Warehouse Delay,3,0,0
102141,3306,WH_A,2024-02-16,2024-05-10,2024-05-12,Hyderabad,Coimbatore,1147,Road,403,36277,Early,Mechanical Issue,2,2,0
102145,2796,WH_C,2024-01-24,2024-03-10,2024-03-31,Hyderabad,Pune,634,Rail,164,11785,Early,Mechanical Issue,5,21,0
102146,1053,WH_D,2024-01-04,2024-02-28,2024-06-11,Hyderabad,Kolkata,757,Road,388,31647,On Time,None,1,104,0
102148,1726,WH_C,2024-01-19,2024-02-14,2024-07-09,Bangalore,Jaipur,228,Rail,233,3410,Early,Warehouse Delay,5,146,0
102150,2544,WH_B,2024-02-09,2024-02-26,2024-04-01,Bangalore,Pune,1145,Sea,284,18854,Early,Traffic,4,35,0
102153,2913,WH_C,2024-03-15,2024-06-11,2024-06-11,Bangalore,Kolkata,946,Air,255,23539,Delayed,None,5,0,1
102154,2776,WH_D,2024-01-12,2024-01-31,2024-05-31,Delhi,Ahmedabad,1976,Sea,464,45429,Delayed,Warehouse Delay,1,121,1
102155,2596,WH_B,2024-01-27,2024-03-12,2024-06-26,Bangalore,Coimbatore,870,Rail,9,32331,Delayed,Warehouse Delay,2,106,1
102156,2914,WH_D,2024-04-22,2024-04-28,2024-05-12,Bangalore,Coimbatore,208,Air,203,44384,On Time,None,2,14,0
102157,4561,WH_B,2024-02-18,2024-02-25,2024-03-27,Bangalore,Ahmedabad,835,Road,390,25646,Early,Mechanical Issue,4,31,0
102159,3737,WH_A,2024-05-09,2024-05-21,2024-07-16,Mumbai,Ahmedabad,1889,Air,305,18126,On Time,None,2,56,0
102170,3030,WH_A,2024-02-09,2024-04-13,2024-07-15,Mumbai,Kolkata,1040,Sea,184,9327,Early,Weather,2,93,0
102171,4160,WH_B,2024-03-17,2024-04-08,2024-07-13,Mumbai,Coimbatore,1431,Rail,157,26285,Early,Traffic,4,96,0
102174,2933,WH_C,2024-02-11,2024-04-10,2024-06-24,Hyderabad,Pune,476,Rail,202,7361,Early,None,5,75,0
102175,2380,WH_A,2024-02-16,2024-04-14,2024-06-27,Hyderabad,Kolkata,1551,Air,274,11304,Delayed,Weather,1,74,1
102177,2290,WH_D,2024-01-22,2024-02-16,2024-03-20,Delhi,Pune,1922,Rail,244,1797,On Time,Traffic,5,33,0
102180,4394,WH_D,2024-02-10,2024-04-24,2024-05-04,Delhi,Jaipur,967,Air,446,49568,Early,Traffic,4,10,0
102181,3682,WH_A,2024-03-20,2024-05-05,2024-05-23,Mumbai,Coimbatore,1646,Road,74,47701,Early,Warehouse Delay,1,18,0
102186,1920,WH_C,2024-01-12,2024-02-27,2024-05-21,Bangalore,Ahmedabad,676,Air,406,41383,Delayed,Traffic,1,84,1
102191,2486,WH_B,2024-01-10,2024-01-26,2024-06-11,Delhi,Coimbatore,185,Air,258,4947,Delayed,Warehouse Delay,5,137,1
102195,2418,WH_D,2024-02-08,2024-05-08,2024-07-18,Bangalore,Pune,1972,Sea,231,39847,On Time,Weather,1,71,0
102196,1954,WH_B,2024-02-29,2024-03-13,2024-06-09,Mumbai,Pune,80,Air,247,5349,On Time,Mechanical Issue,3,88,0
102208,1453,WH_D,2024-01-29,2024-02-03,2024-07-07,Mumbai,Coimbatore,1958,Rail,135,16189,Early,Warehouse Delay,1,155,0
102209,1036,WH_D,2024-01-15,2024-04-07,2024-04-25,Delhi,Pune,1522,Rail,385,40360,On Time,Warehouse Delay,2,18,0
102213,1795,WH_B,2024-03-24,2024-05-15,2024-06-06,Mumbai,Ahmedabad,704,Rail,158,833,Early,Warehouse Delay,3,22,0
102221,3396,WH_D,2024-04-10,2024-06-26,2024-07-08,Hyderabad,Ahmedabad,1802,Rail,36,4157,On Time,Warehouse Delay,5,12,0
102235,4218,WH_B,2024-04-09,2024-05-24,2024-07-17,Mumbai,Coimbatore,68,Rail,116,5289,Early,Mechanical Issue,2,54,0
102239,3400,WH_C,2024-06-12,2024-06-25,2024-06-30,Chennai,Kolkata,360,Road,76,14832,On Time,None,3,5,0
102241,4642,WH_C,2024-01-18,2024-05-10,2024-06-12,Hyderabad,Pune,791,Rail,216,12759,On Time,None,4,33,0
102242,3863,WH_B,2024-02-07,2024-04-23,2024-07-17,Hyderabad,Ahmedabad,673,Sea,132,42680,Early,Mechanical Issue,5,85,0
102255,3054,WH_B,2024-02-15,2024-03-11,2024-07-20,Chennai,Pune,1878,Air,361,13627,Delayed,None,2,131,1
102259,1825,WH_A,2024-05-24,2024-06-16,2024-06-23,Bangalore,Kolkata,251,Air,144,17901,On Time,None,1,7,0
102271,3129,WH_B,2024-03-19,2024-05-18,2024-05-18,Delhi,Jaipur,761,Road,492,10987,Early,Mechanical Issue,3,0,0
102279,2985,WH_C,2024-02-01,2024-02-04,2024-05-22,Hyderabad,Kolkata,545,Rail,374,46503,Delayed,None,1,108,1
102285,2256,WH_A,2024-03-10,2024-05-27,2024-05-28,Bangalore,Coimbatore,1292,Air,194,20189,Early,Traffic,5,1,0
102288,4294,WH_A,2024-01-22,2024-03-14,2024-05-31,Mumbai,Kolkata,1732,Air,184,35888,On Time,Traffic,4,78,0
102290,1699,WH_A,2024-03-09,2024-05-13,2024-06-10,Hyderabad,Ahmedabad,599,Rail,168,26289,Early,None,2,28,0
102306,1571,WH_C,2024-02-15,2024-06-25,2024-07-16,Chennai,Ahmedabad,777,Sea,284,15316,Delayed,Mechanical Issue,5,21,1
102315,1483,WH_A,2024-01-08,2024-06-12,2024-07-12,Chennai,Coimbatore,1649,Air,13,34256,On Time,Weather,1,30,0
102324,4977,WH_C,2024-01-20,2024-03-05,2024-04-21,Mumbai,Kolkata,1641,Sea,375,35613,Delayed,Warehouse Delay,2,47,1
102327,1021,WH_C,2024-01-04,2024-03-07,2024-03-13,Bangalore,Kolkata,487,Road,117,11043,Early,Weather,4,6,0
102338,1762,WH_D,2024-03-26,2024-03-31,2024-06-16,Mumbai,Pune,970,Sea,308,39020,On Time,Weather,2,77,0
102339,2250,WH_A,2024-02-12,2024-05-26,2024-07-08,Bangalore,Coimbatore,1175,Rail,454,19446,Early,None,3,43,0
102343,2030,WH_D,2024-01-26,2024-05-29,2024-07-04,Delhi,Ahmedabad,1946,Road,13,39238,Early,Mechanical Issue,5,36,0
102349,3126,WH_A,2024-01-20,2024-02-14,2024-03-06,Delhi,Ahmedabad,1662,Rail,434,3237,On Time,Mechanical Issue,2,21,0
102350,4999,WH_C,2024-02-08,2024-04-10,2024-07-10,Hyderabad,Coimbatore,1977,Rail,249,42812,Early,None,4,91,0
102353,1569,WH_B,2024-01-11,2024-01-18,2024-05-06,Delhi,Coimbatore,789,Rail,182,5149,Delayed,Weather,1,109,1
102357,2453,WH_A,2024-01-11,2024-05-11,2024-06-30,Hyderabad,Coimbatore,582,Sea,191,20370,Early,Warehouse Delay,4,50,0
102358,1737,WH_A,2024-02-07,2024-03-17,2024-04-08,Bangalore,Ahmedabad,157,Air,137,45647,Delayed,Traffic,4,22,1
102375,1973,WH_A,2024-01-11,2024-02-01,2024-02-12,Mumbai,Kolkata,1689,Air,365,40775,Delayed,Warehouse Delay,3,11,1
102378,4530,WH_C,2024-03-08,2024-05-01,2024-07-07,Delhi,Kolkata,1366,Air,351,42065,Delayed,None,2,67,1
102386,1988,WH_A,2024-02-20,2024-02-28,2024-07-09,Delhi,Pune,1264,Road,337,17648,On Time,Traffic,5,132,0
102387,1020,WH_C,2024-04-26,2024-05-13,2024-05-17,Chennai,Ahmedabad,1076,Sea,495,23161,Delayed,Weather,3,4,1
102391,4845,WH_B,2024-03-28,2024-04-03,2024-07-03,Delhi,Jaipur,1696,Air,67,36619,Early,None,3,91,0
102393,2976,WH_C,2024-01-13,2024-03-02,2024-03-24,Delhi,Ahmedabad,1330,Air,94,17018,Early,Traffic,5,22,0
102400,1933,WH_B,2024-01-04,2024-01-27,2024-05-06,Hyderabad,Coimbatore,222,Road,49,10168,On Time,Weather,1,100,0
102401,4598,WH_B,2024-03-15,2024-06-18,2024-07-05,Chennai,Ahmedabad,785,Road,23,3915,Delayed,Weather,3,17,1
102406,4056,WH_C,2024-01-11,2024-01-14,2024-05-16,Hyderabad,Pune,810,Road,440,37959,Early,Weather,5,123,0
102409,4595,WH_D,2024-01-23,2024-02-18,2024-03-05,Delhi,Jaipur,1186,Air,55,18780,On Time,Warehouse Delay,1,16,0
102412,3539,WH_D,2024-02-26,2024-04-25,2024-06-10,Chennai,Pune,979,Rail,265,23576,On Time,Traffic,1,46,0
102413,3255,WH_B,2024-01-26,2024-02-05,2024-02-09,Delhi,Ahmedabad,772,Air,268,3161,Early,Warehouse Delay,1,4,0
102415,2607,WH_C,2024-02-23,2024-04-04,2024-05-25,Mumbai,Kolkata,264,Air,113,23259,On Time,Traffic,1,51,0
102420,4676,WH_A,2024-03-18,2024-05-11,2024-05-26,Bangalore,Jaipur,1482,Air,217,31464,On Time,None,1,15,0
102422,1519,WH_D,2024-01-30,2024-02-23,2024-04-02,Delhi,Ahmedabad,1480,Rail,292,23385,On Time,Warehouse Delay,5,39,0
102426,4633,WH_C,2024-04-02,2024-06-10,2024-07-04,Mumbai,Pune,362,Sea,9,8710,On Time,Weather,4,24,0
102429,3434,WH_C,2024-04-19,2024-04-26,2024-06-19,Bangalore,Coimbatore,1053,Sea,456,4578,Delayed,Warehouse Delay,5,54,1
102434,2559,WH_B,2024-03-04,2024-06-23,2024-07-04,Bangalore,Ahmedabad,295,Sea,483,10665,Early,Warehouse Delay,2,11,0
102446,4965,WH_D,2024-02-19,2024-06-18,2024-07-17,Delhi,Kolkata,1899,Air,47,18321,Early,None,3,29,0
102447,2259,WH_C,2024-02-21,2024-03-15,2024-05-23,Bangalore,Coimbatore,1489,Air,199,13452,Early,Weather,2,69,0
102451,2701,WH_A,2024-01-04,2024-01-08,2024-07-09,Delhi,Kolkata,803,Sea,276,18777,On Time,Weather,3,183,0
102455,3773,WH_A,2024-01-04,2024-02-25,2024-05-19,Mumbai,Jaipur,1275,Sea,448,17210,Early,None,1,84,0
102456,2013,WH_D,2024-01-01,2024-01-17,2024-03-19,Delhi,Jaipur,1449,Sea,470,28302,Early,Warehouse Delay,4,62,0
102460,2367,WH_B,2024-01-08,2024-03-20,2024-07-03,Hyderabad,Jaipur,327,Rail,64,8000,On Time,Weather,4,105,0
102467,4860,WH_A,2024-02-01,2024-02-27,2024-06-30,Mumbai,Ahmedabad,1018,Air,168,20441,Early,Warehouse Delay,4,124,0
102473,4566,WH_B,2024-01-16,2024-04-13,2024-06-21,Hyderabad,Ahmedabad,847,Sea,87,2767,Early,Mechanical Issue,2,69,0
102476,2567,WH_C,2024-01-31,2024-02-03,2024-03-01,Bangalore,Ahmedabad,1350,Air,157,42107,Early,None,5,27,0
102477,3058,WH_C,2024-01-04,2024-01-19,2024-07-13,Delhi,Jaipur,602,Air,265,31788,On Time,Traffic,4,176,0
102484,2415,WH_D,2024-02-08,2024-04-30,2024-05-04,Mumbai,Pune,453,Rail,232,9864,Delayed,Mechanical Issue,5,4,1
102486,1213,WH_B,2024-01-30,2024-02-04,2024-03-11,Delhi,Kolkata,1366,Sea,326,13591,Early,None,3,36,0
102493,4117,WH_B,2024-01-18,2024-04-01,2024-05-28,Bangalore,Pune,325,Road,202,7233,Early,Mechanical Issue,5,57,0
